<?xml version="1.0" encoding="UTF-8"?>
<ti:module
xmlns:ti="http://ti.appcelerator.org"
xmlns:android="http://schemas.android.com/apk/res/android">
    <android xmlns:android="http://schemas.android.com/apk/res/android">
        <manifest>
            <uses-permission android:name="android.permission.INTERNET" />
            <uses-permission android:name="android.permission.ACCESS_NETWORK_STATE" />
            <!--
            <application>
                <meta-data
                android:name="com.google.android.gms.version"
                android:value="8487000"/>
            </application>
            -->
        </manifest>
    </android>
    <modules>
      <module platform="android">ti.playservices</module>
    </modules>
</ti:module>