<?xml version="1.0" encoding="UTF-8"?>
<ti:module
		xmlns:ti="http://ti.appcelerator.org"
		xmlns:android="http://schemas.android.com/apk/res/android">
	<android xmlns:android="http://schemas.android.com/apk/res/android">
		<manifest>
			<uses-permission android:name="android.permission.INTERNET" />
			<uses-permission android:name="android.permission.ACCESS_NETWORK_STATE" />
			<application>
				<!-- Used for Google Play Store Campaign Measurement-->
				<receiver android:name="com.google.android.gms.analytics.CampaignTrackingReceiver"
				    android:enabled="true">
				    <intent-filter>
				        <action android:name="com.android.vending.INSTALL_REFERRER" />
				    </intent-filter>
				</receiver>
				<service android:name="com.google.android.gms.analytics.CampaignTrackingService"
				    android:enabled="true"
				    android:exported="false" />
				    
				<meta-data
					android:name="com.google.android.gms.version"
					android:value="@integer/google_play_services_version"/>
			</application>
		</manifest>
	</android>
</ti:module>
